[
  {
    "사번" : "20220201",
    "이름" : "박은별",
    "부서" : "백엔드1팀",
    "부서코드": "A9001"
  },
  {
    "사번" : "20220202",
    "이름" : "강나리",
    "부서" : "백엔드2팀",
    "부서코드": "A9002"
  },
  {
    "사번" : "20220203",
    "이름" : "하빛나",
    "부서" : "백엔드3팀",
    "부서코드": "A9003"
  },
  {
    "사번" : "20220204",
    "이름" : "하초롱",
    "부서" : "백엔드4팀",
    "부서코드": "A9004"
  },
  {
    "사번" : "20220205",
    "이름" : "표조은",
    "부서" : "백엔드5팀",
    "부서코드": "A9005"
  },
  {
    "사번" : "20220206",
    "이름" : "설아리",
    "부서" : "백엔드1팀",
    "부서코드": "A9001"
  },
  {
    "사번" : "20220207",
    "이름" : "강아라",
    "부서" : "백엔드2팀",
    "부서코드": "A9002"
  },
  {
    "사번" : "20220208",
    "이름" : "안누리",
    "부서" : "백엔드3팀",
    "부서코드": "A9003"
  },
  {
    "사번" : "20220206",
    "이름" : "설아리",
    "부서" : "백엔드4팀",
    "부서코드": "A9004"
  },
  {
    "사번" : "20220210",
    "이름" : "강아라",
    "부서" : "백엔드5팀",
    "부서코드": "A9005"
  }
]