[{"id":"student1","name":"아카데미1","gender":"M","age":20,"createdAt":[2023,2,23,21,26,25,801583000]},{"id":"student2","name":"아카데미2","gender":"M","age":20,"createdAt":[2023,2,23,21,26,25,851461000]},{"id":"student3","name":"아카데미3","gender":"M","age":22,"createdAt":[2023,2,23,21,26,25,892375000]},{"id":"student4","name":"아카데미4","gender":"F","age":23,"createdAt":[2023,2,23,21,26,25,893076000]},{"id":"student5","name":"아카데미5","gender":"M","age":24,"createdAt":[2023,2,23,21,26,25,893592000]},{"id":"student6","name":"아카데미6","gender":"F","age":27,"createdAt":[2023,2,23,21,26,25,894200000]},{"id":"student7","name":"아카데미7","gender":"M","age":28,"createdAt":[2023,2,23,21,26,25,895356000]},{"id":"student8","name":"아카데미8","gender":"F","age":21,"createdAt":[2023,2,23,21,26,25,896140000]},{"id":"student9","name":"아카데미9","gender":"M","age":26,"createdAt":[2023,2,23,21,26,25,896801000]},{"id":"student10","name":"아카데미10","gender":"F","age":27,"createdAt":[2023,2,23,21,26,25,897553000]}]