<?xml version="1.0" encoding="UTF-8"?>
<configuration>

    <appender name="console" class="ch.qos.logback.core.ConsoleAppender">
        <withJansi>true</withJansi>
        <encoder>
            <pattern>[%thread] %highlight(%-5level) %cyan(%logger{15}) - %msg %n</pattern>
        </encoder>
    </appender>

    <logger name="org.hibernate.SQL" level="debug" additivity="false">
        <appender-ref ref="console" />
    </logger>

    <logger name="org.hibernate.type.descriptor.sql.BasicBinder" level="trace" additivity="false">
        <appender-ref ref="console" />
    </logger>

    <root level="debug" >
        <appender-ref ref="console"/>
    </root>

</configuration>