[{"id":"student1","name":"아카데미1","gender":"M","age":30,"createdAt":[2023,4,18,18,9,49,108709000]},{"id":"student2","name":"아카데미2","gender":"M","age":22,"createdAt":[2023,4,18,18,9,49,201481000]},{"id":"student3","name":"아카데미3","gender":"F","age":21,"createdAt":[2023,4,18,18,9,49,278869000]},{"id":"student4","name":"아카데미4","gender":"M","age":24,"createdAt":[2023,4,18,18,9,49,279424000]},{"id":"student5","name":"아카데미5","gender":"M","age":30,"createdAt":[2023,4,18,18,9,49,279944000]},{"id":"student6","name":"아카데미6","gender":"F","age":29,"createdAt":[2023,4,18,18,9,49,280531000]},{"id":"student7","name":"아카데미7","gender":"M","age":26,"createdAt":[2023,4,18,18,9,49,281665000]},{"id":"student8","name":"아카데미8","gender":"F","age":23,"createdAt":[2023,4,18,18,9,49,282721000]},{"id":"student9","name":"아카데미9","gender":"M","age":30,"createdAt":[2023,4,18,18,9,49,284755000]},{"id":"student10","name":"아카데미10","gender":"M","age":24,"createdAt":[2023,4,18,18,9,49,285635000]}]