[{"id":"student1","name":"아카데미1","gender":"M","age":20,"createdAt":[2023,4,18,22,33,34,170054000]},{"id":"student2","name":"아카데2","gender":"F","age":21,"createdAt":[2023,4,18,22,33,34,252409000]},{"id":"student3","name":"아카데미3","gender":"M","age":30,"createdAt":[2023,4,18,22,33,34,321674000]},{"id":"student4","name":"아카데미4","gender":"F","age":25,"createdAt":[2023,4,18,22,33,34,322257000]},{"id":"student5","name":"아카데미5","gender":"M","age":28,"createdAt":[2023,4,18,22,33,34,322781000]},{"id":"student6","name":"아카데미6","gender":"F","age":23,"createdAt":[2023,4,18,22,33,34,323382000]},{"id":"student7","name":"아카데미7","gender":"F","age":25,"createdAt":[2023,4,18,22,33,34,324469000]},{"id":"student8","name":"아카데미8","gender":"F","age":23,"createdAt":[2023,4,18,22,33,34,325249000]},{"id":"student9","name":"아카데미9","gender":"F","age":25,"createdAt":[2023,4,18,22,33,34,325937000]},{"id":"student10","name":"아카데미10","gender":"M","age":30,"createdAt":[2023,4,18,22,33,34,327783000]}]